filename,filepath,label
0218091108.jpg,dataset_raw/botol/0218091108.jpg,botol
0218091144.jpg,dataset_raw/botol/0218091144.jpg,botol
0218091233.jpg,dataset_raw/botol/0218091233.jpg,botol
0218091249.jpg,dataset_raw/botol/0218091249.jpg,botol
0218091318.jpg,dataset_raw/botol/0218091318.jpg,botol
0218091403.jpg,dataset_raw/botol/0218091403.jpg,botol
0218091558.jpg,dataset_raw/botol/0218091558.jpg,botol
0218091647.jpg,dataset_raw/botol/0218091647.jpg,botol
0218091658.jpg,dataset_raw/botol/0218091658.jpg,botol
0218091738.jpg,dataset_raw/botol/0218091738.jpg,botol
0218091749.jpg,dataset_raw/botol/0218091749.jpg,botol
0218091807.jpg,dataset_raw/botol/0218091807.jpg,botol
0218091859.jpg,dataset_raw/botol/0218091859.jpg,botol
0218091924.jpg,dataset_raw/botol/0218091924.jpg,botol
0218092103.jpg,dataset_raw/botol/0218092103.jpg,botol
0218092247.jpg,dataset_raw/botol/0218092247.jpg,botol
0218092403.jpg,dataset_raw/botol/0218092403.jpg,botol
0218092416.jpg,dataset_raw/botol/0218092416.jpg,botol
0218092432.jpg,dataset_raw/botol/0218092432.jpg,botol
0218100256.jpg,dataset_raw/botol/0218100256.jpg,botol
0218100307.jpg,dataset_raw/botol/0218100307.jpg,botol
0218100330.jpg,dataset_raw/botol/0218100330.jpg,botol
0218100346.jpg,dataset_raw/botol/0218100346.jpg,botol
0218100412.jpg,dataset_raw/botol/0218100412.jpg,botol
0218100535.jpg,dataset_raw/botol/0218100535.jpg,botol
0218100546.jpg,dataset_raw/botol/0218100546.jpg,botol
0218100609.jpg,dataset_raw/botol/0218100609.jpg,botol
0218100658.jpg,dataset_raw/botol/0218100658.jpg,botol
0218100725.jpg,dataset_raw/botol/0218100725.jpg,botol
0218100834.jpg,dataset_raw/botol/0218100834.jpg,botol
0218100844.jpg,dataset_raw/botol/0218100844.jpg,botol
0218100854.jpg,dataset_raw/botol/0218100854.jpg,botol
0218101013.jpg,dataset_raw/botol/0218101013.jpg,botol
0218101142.jpg,dataset_raw/botol/0218101142.jpg,botol
0218101214.jpg,dataset_raw/botol/0218101214.jpg,botol
0218101232.jpg,dataset_raw/botol/0218101232.jpg,botol
0218101246.jpg,dataset_raw/botol/0218101246.jpg,botol
0218101258.jpg,dataset_raw/botol/0218101258.jpg,botol
0218101308.jpg,dataset_raw/botol/0218101308.jpg,botol
0218101349.jpg,dataset_raw/botol/0218101349.jpg,botol
0218101359.jpg,dataset_raw/botol/0218101359.jpg,botol
0218101419.jpg,dataset_raw/botol/0218101419.jpg,botol
0218101430.jpg,dataset_raw/botol/0218101430.jpg,botol
0218102212.jpg,dataset_raw/botol/0218102212.jpg,botol
0218102243.jpg,dataset_raw/botol/0218102243.jpg,botol
0218102320.jpg,dataset_raw/botol/0218102320.jpg,botol
0218102340.jpg,dataset_raw/botol/0218102340.jpg,botol
0218102425.jpg,dataset_raw/botol/0218102425.jpg,botol
0218102513.jpg,dataset_raw/botol/0218102513.jpg,botol
0218102722.jpg,dataset_raw/botol/0218102722.jpg,botol
cardboard108.jpg,dataset_raw/box/cardboard108.jpg,box
cardboard11.jpg,dataset_raw/box/cardboard11.jpg,box
cardboard110.jpg,dataset_raw/box/cardboard110.jpg,box
cardboard114.jpg,dataset_raw/box/cardboard114.jpg,box
cardboard116.jpg,dataset_raw/box/cardboard116.jpg,box
cardboard12.jpg,dataset_raw/box/cardboard12.jpg,box
cardboard148.jpg,dataset_raw/box/cardboard148.jpg,box
cardboard151.jpg,dataset_raw/box/cardboard151.jpg,box
cardboard162.jpg,dataset_raw/box/cardboard162.jpg,box
cardboard189.jpg,dataset_raw/box/cardboard189.jpg,box
cardboard196.jpg,dataset_raw/box/cardboard196.jpg,box
cardboard198.jpg,dataset_raw/box/cardboard198.jpg,box
cardboard2.jpg,dataset_raw/box/cardboard2.jpg,box
cardboard201.jpg,dataset_raw/box/cardboard201.jpg,box
cardboard209.jpg,dataset_raw/box/cardboard209.jpg,box
cardboard21.jpg,dataset_raw/box/cardboard21.jpg,box
cardboard216.jpg,dataset_raw/box/cardboard216.jpg,box
cardboard223.jpg,dataset_raw/box/cardboard223.jpg,box
cardboard227.jpg,dataset_raw/box/cardboard227.jpg,box
cardboard229.jpg,dataset_raw/box/cardboard229.jpg,box
cardboard231.jpg,dataset_raw/box/cardboard231.jpg,box
cardboard247.jpg,dataset_raw/box/cardboard247.jpg,box
cardboard253.jpg,dataset_raw/box/cardboard253.jpg,box
cardboard285.jpg,dataset_raw/box/cardboard285.jpg,box
cardboard289.jpg,dataset_raw/box/cardboard289.jpg,box
cardboard291.jpg,dataset_raw/box/cardboard291.jpg,box
cardboard294.jpg,dataset_raw/box/cardboard294.jpg,box
cardboard298.jpg,dataset_raw/box/cardboard298.jpg,box
cardboard313.jpg,dataset_raw/box/cardboard313.jpg,box
cardboard33.jpg,dataset_raw/box/cardboard33.jpg,box
cardboard330.jpg,dataset_raw/box/cardboard330.jpg,box
cardboard334.jpg,dataset_raw/box/cardboard334.jpg,box
cardboard335.jpg,dataset_raw/box/cardboard335.jpg,box
cardboard339.jpg,dataset_raw/box/cardboard339.jpg,box
cardboard340.jpg,dataset_raw/box/cardboard340.jpg,box
cardboard341.jpg,dataset_raw/box/cardboard341.jpg,box
cardboard346.jpg,dataset_raw/box/cardboard346.jpg,box
cardboard365.jpg,dataset_raw/box/cardboard365.jpg,box
cardboard369.jpg,dataset_raw/box/cardboard369.jpg,box
cardboard371.jpg,dataset_raw/box/cardboard371.jpg,box
cardboard392.jpg,dataset_raw/box/cardboard392.jpg,box
cardboard398.jpg,dataset_raw/box/cardboard398.jpg,box
cardboard403.jpg,dataset_raw/box/cardboard403.jpg,box
cardboard46.jpg,dataset_raw/box/cardboard46.jpg,box
cardboard51.jpg,dataset_raw/box/cardboard51.jpg,box
cardboard56.jpg,dataset_raw/box/cardboard56.jpg,box
cardboard59.jpg,dataset_raw/box/cardboard59.jpg,box
cardboard61.jpg,dataset_raw/box/cardboard61.jpg,box
cardboard69.jpg,dataset_raw/box/cardboard69.jpg,box
cardboard7.jpg,dataset_raw/box/cardboard7.jpg,box
