Epoch,accuracy,loss,val_accuracy,val_loss
1,0.699999988079071,0.5553427934646606,1.0,0.32875972986221313
2,0.8500000238418579,0.3502323031425476,1.0,0.19390180706977844
3,0.9125000238418579,0.2634558081626892,1.0,0.12625554203987122
4,0.949999988079071,0.14563803374767303,1.0,0.0920417457818985
5,0.9624999761581421,0.1277853101491928,1.0,0.07454176992177963
6,0.987500011920929,0.0996667891740799,1.0,0.06387720257043839
7,1.0,0.07310078293085098,1.0,0.0518677718937397
8,0.987500011920929,0.06148797273635864,1.0,0.04296864941716194
9,1.0,0.04206128045916557,1.0,0.03606777638196945
10,1.0,0.043831199407577515,1.0,0.032030537724494934
11,1.0,0.040103115141391754,1.0,0.029535114765167236
12,1.0,0.033315710723400116,1.0,0.027786392718553543
13,1.0,0.028109673410654068,1.0,0.026031846180558205
14,1.0,0.02977072075009346,1.0,0.024306757375597954
15,0.987500011920929,0.038364917039871216,1.0,0.022704770788550377
16,0.987500011920929,0.03142700344324112,1.0,0.02225656434893608
17,1.0,0.022703932598233223,1.0,0.02140229195356369
18,1.0,0.023450661450624466,1.0,0.019717533141374588
19,1.0,0.016326596960425377,1.0,0.01832287758588791
20,1.0,0.02089795656502247,1.0,0.01704810932278633
